<?xml version='1.0' encoding='utf-8'?>
<root BTCPP_format="4" main_tree_to_execute="Clean convex">
  <!--//////////-->
  <BehaviorTree ID="Clean convex" _description="" _favorite="true">
    <Control ID="Sequence" name="TopLevelSequence">
      <Action ID="CreateStampedPose" reference_frame="tool0" stamped_pose="{tool_pose}" orientation_xyzw="0;0;0;1" position_xyz="0;0;0"/>
      <Action ID="VisualizePose" marker_name="tool_pose" pose="{tool_pose}" marker_lifetime="0.000000" marker_size="0.200000"/>
      <Action ID="GetMeshNormalPoses" discretization_step_size="0.050000" mesh_normal_poses="{mesh_normal_poses}" link_name="convex_bowl"/>
      <Action ID="ResetPoseStampedVector" vector="{mesh_normal_poses_reoriented}"/>
      <Decorator ID="ForEach" vector_in="{mesh_normal_poses}" out="{target_pose}" index="{index}">
        <Control ID="Sequence">
          <Action ID="TransformPose" input_pose="{target_pose}" output_pose="{output_pose}" quaternion_xyzw="0.7071;0;0.7071;0" translation_xyz="0;0;0"/>
          <Action ID="AddPoseStampedToVector" input="{output_pose}" vector="{mesh_normal_poses_reoriented}"/>
        </Control>
      </Decorator>
      <Action ID="Script" code="pose_count := 0"/>
      <Decorator ID="ForEach" vector_in="{mesh_normal_poses_reoriented}" out="{target_pose}" index="{index}">
        <Control ID="Sequence">
          <Action ID="VisualizePose" marker_name="pose" pose="{target_pose}" marker_lifetime="0.000000" marker_size="0.100000"/>
          <Action ID="Script" code="pose_count += 1"/>
          <Action ID="ResetPoseStampedVector" vector="{plan_pose}"/>
          <Action ID="AddPoseStampedToVector" input="{target_pose}" vector="{plan_pose}"/>
          <Control ID="IfThenElse">
            <Action ID="PlanCartesianPath" trajectory_sampling_rate="30" debug_solution="{debug_solution}" velocity_scale_factor="1.000000" acceleration_scale_factor="1.000000" ik_joint_space_density="0.001000" blending_radius="0.020000" ik_cartesian_space_density="0.001000" position_only="false" joint_trajectory_msg="{joint_trajectory_msg}" tip_link="tool0" planning_group_name="manipulator" path="{plan_pose}" tip_offset="0;0;-0.01"/>
            <Decorator ID="ForceSuccess">
              <Action ID="WaitForUserTrajectoryApproval" solution="{debug_solution}"/>
            </Decorator>
            <Decorator ID="ForceSuccess">
              <Action ID="WaitForUserTrajectoryApproval" solution="{debug_solution}"/>
            </Decorator>
          </Control>
        </Control>
      </Decorator>
      <!--link6, flange, tool0-->
      <Action ID="ExecuteFollowJointTrajectory" goal_duration_tolerance="-1.000000" goal_position_tolerance="0.000000" goal_time_tolerance="0.000000" joint_trajectory_msg="{joint_trajectory_msg}" execute_follow_joint_trajectory_action_name="/joint_trajectory_controller/follow_joint_trajectory"/>
    </Control>
  </BehaviorTree>
  <TreeNodesModel>
    <SubTree ID="Clean convex"><MetadataFields>
        <Metadata runnable="true"/>
      </MetadataFields></SubTree>
  </TreeNodesModel>
</root>
