<?xml version="1.0" encoding="utf-8" ?>
<root BTCPP_format="4" main_tree_to_execute="Pick Up Tool">
  <!--//////////-->
  <BehaviorTree
    ID="Pick Up Tool"
    _description="Pick up the tool from the tool holder"
    _favorite="false"
  >
    <Control ID="Sequence" name="TopLevelSequence">
      <Action
        ID="CreateStampedPose"
        reference_frame="tool_attach_site"
        position_xyz="0;0;-0.1"
        stamped_pose="{approach_pose}"
      />
      <Action
        ID="InitializeMTCTask"
        task_id="pick_up_tool"
        controller_names="/joint_trajectory_controller"
        task="{mtc_task}"
      />
      <Action
        ID="SetupMTCCurrentState"
        skip_collision_check="false"
        task="{mtc_task}"
      />
      <Action
        ID="SetupMTCPlanToPose"
        acceleration_scale_factor="0.5"
        ik_frame="tool0"
        keep_orientation="false"
        keep_orientation_tolerance="0.100000"
        link_padding="0.000000"
        max_iterations="5000"
        monitored_stage="current state"
        planning_group_name="manipulator"
        target_pose="{approach_pose}"
        trajectory_sampling_rate="100"
        velocity_scale_factor="0.5"
        task="{mtc_task}"
      />
      <Action
        ID="SetupMTCMoveAlongFrameAxis"
        hand_frame="tool0"
        max_distance="0.095"
        min_distance="0.095"
        axis_frame="tool0"
        acceleration_scale="0.5"
        axis_x="0.000000"
        axis_y="0.000000"
        axis_z="1.000000"
        ignore_environment_collisions="false"
        planning_group_name="manipulator"
        velocity_scale="0.5"
        task="{mtc_task}"
      />
      <Action ID="PlanMTCTask" task="{mtc_task}" solution="{mtc_solution}" />
      <Action
        ID="ExecuteMTCTask"
        goal_duration_tolerance="-1.000000"
        solution="{mtc_solution}"
      />
      <Action
        ID="MoveGripperAction"
        position="1"
        gripper_command_action_name="/tool_attach_controller/gripper_cmd"
        timeout="10"
      />
      <Control ID="Fallback">
        <Action
          ID="AttachTool"
          parent_link_name="tool0"
          tool_name="suction_gripper"
        />
        <Control ID="Sequence">
          <Action
            ID="LogMessage"
            log_level="info"
            message="Adding tool to the planning scene to proceed"
          />
          <SubTree ID="Setup Planning Scene" _collapsed="true" />
          <Action
            ID="AttachTool"
            parent_link_name="tool0"
            tool_name="suction_gripper"
          />
        </Control>
      </Control>
      <SubTree ID="Retract" _collapsed="true" distance="0.35" />
    </Control>
  </BehaviorTree>
  <TreeNodesModel>
    <SubTree ID="Pick Up Tool" />
  </TreeNodesModel>
</root>
