<root BTCPP_format="4" main_tree_to_execute="Reachability Analysis rename test">
  <!--//////////-->
  <BehaviorTree ID="Reachability Analysis rename test" _description="" _favorite="false" _subtreeOnly="false">
    <Control ID="Sequence" name="TopLevelSequence">
      <Action ID="AlwaysSuccess"/>
    </Control>
  </BehaviorTree>
  <TreeNodesModel>
    <SubTree ID="Reachability Analysis - blocks"><MetadataFields>
        <Metadata runnable="true"/>
      </MetadataFields></SubTree>
  </TreeNodesModel>
</root>