<?xml version='1.0' encoding='utf-8'?>
<root BTCPP_format="4" main_tree_to_execute="Reachability Analysis for blocks">
  <!--//////////-->
  <BehaviorTree ID="Reachability Analysis for blocks" _description="" _favorite="true" _subtreeOnly="false">
    <Control ID="Sequence" name="">
      <Action ID="CreateStampedPose" reference_frame="world" stamped_pose="{stamped_pose}" orientation_xyzw="0;0;0;1" position_xyz="-0.249;0.563;0.288"/>
      <Action ID="CreateStampedPose" reference_frame="tool0" stamped_pose="{stamped_pose}" orientation_xyzw="0.7071;0.7071;0;0.0004" position_xyz="0;0;0.1"/>
      <Action ID="CreateStampedPose" reference_frame="world" stamped_pose="{stamped_pose}" orientation_xyzw="0;0;0;1" position_xyz="-0.249;0.563;0.288"/>
      <Action ID="CreateStampedPose" reference_frame="world" stamped_pose="{stamped_pose}" orientation_xyzw="0;0;0;1" position_xyz="-0.35;0.4;0.288"/>
      <Action ID="CreateStampedPose" reference_frame="world" stamped_pose="{stamped_pose}" orientation_xyzw="0.7071;0.7071;0;0.0004" position_xyz="-0.35;0.4;0.288"/>
      <SubTree ID="Reachability Analysis - mtcplantopose" _collapsed="true" pick_height="0.1" starting_waypoint="View blocks" column_spacing_translation="0;0.175;0" execute_trajectories="yes" num_45_deg_rotations="0" num_columns="2" num_rows="2" pick_height_translation="0;0;-0.1" reachability_origin_pose="{stamped_pose}" row_spacing_translation="0.3;0;0"/>
    </Control>
  </BehaviorTree>
  <TreeNodesModel>
    <SubTree ID="Reachability Analysis for blocks"><MetadataFields>
        <Metadata runnable="true"/>
      </MetadataFields></SubTree>
  </TreeNodesModel>
</root>
