<?xml version='1.0' encoding='utf-8'?>
<root BTCPP_format="4" main_tree_to_execute="Reachability Analysis for bowls">
  <!--//////////-->
  <BehaviorTree ID="Reachability Analysis for bowls" _description="" _favorite="true" _subtreeOnly="false">
    <Control ID="Sequence" name="">
      <Action ID="CreateStampedPose" reference_frame="tool0" stamped_pose="{stamped_pose}" orientation_xyzw="0;0;0;1" position_xyz="0;0;0"/>
      <Action ID="TransformPoseFrame" input_pose="{stamped_pose}" target_frame_id="world" output_pose="{stamped_pose}"/>
      <Action ID="SavePoseStampedToYaml" message="{stamped_pose}" yaml_filename="~/user_ws/pose_stamped"/>
      <Action ID="CreateStampedPose" reference_frame="world" stamped_pose="{stamped_pose}" orientation_xyzw="0;0;0;1" position_xyz="0.731;0.200;0.902"/>
      <Action ID="CreateStampedPose" reference_frame="world" stamped_pose="{stamped_pose}" orientation_xyzw="0.7071;0;0.7071;0.004" position_xyz="0.731;0.200;0.902"/>
      <Action ID="CreateStampedPose" reference_frame="world" stamped_pose="{stamped_pose}" orientation_xyzw="0.7071;0;0.7071;0.004" position_xyz="0.65;0.25;0.80"/>
      <Action ID="CreateStampedPose" reference_frame="world" stamped_pose="{stamped_pose}" orientation_xyzw="0.7071;0;0.7071;0.004" position_xyz="0.65;-0.1;0.80"/>
      <SubTree ID="Reachability Analysis - mtcplantopose" _collapsed="true" pick_height="0.1" starting_waypoint="View bowls" column_spacing_translation="0;0.15;0" execute_trajectories="yes" num_45_deg_rotations="0" num_columns="2" num_rows="2" pick_height_translation="0;0;-0.1" reachability_origin_pose="{stamped_pose}" row_spacing_translation="0.15;0;0"/>
    </Control>
  </BehaviorTree>
  <TreeNodesModel>
    <SubTree ID="Reachability Analysis for bowls"><MetadataFields>
        <Metadata runnable="true"/>
      </MetadataFields></SubTree>
  </TreeNodesModel>
</root>
